old_url,old_path,new_path,status,url_type,deploy_status
https://oztimberfloor.com.au/about/,/about/,/about.html,200,service-or-core,mapped
https://oztimberfloor.com.au/builder-flooring-contractor-sydney/,/builder-flooring-contractor-sydney/,/builder-flooring-contractor-sydney.html,200,service-or-core,mapped
https://oztimberfloor.com.au/commercial-flooring-sydney/,/commercial-flooring-sydney/,/commercial-flooring-sydney.html,200,service-or-core,mapped
https://oztimberfloor.com.au/contact/,/contact/,/contact.html,200,service-or-core,mapped
https://oztimberfloor.com.au/engineered-timber-flooring-sydney/,/engineered-timber-flooring-sydney/,/engineered-timber-flooring-sydney.html,200,service-or-core,mapped
https://oztimberfloor.com.au/faqs/,/faqs/,/faqs.html,200,service-or-core,mapped
https://oztimberfloor.com.au/floor-levelling-sydney/,/floor-levelling-sydney/,/floor-levelling-sydney.html,200,service-or-core,mapped
https://oztimberfloor.com.au/guides/,/guides/,/guides.html,200,other,mapped
https://oztimberfloor.com.au/hybrid-flooring-supplier-sydney/,/hybrid-flooring-supplier-sydney/,/hybrid-flooring-supplier-sydney.html,200,service-or-core,mapped
https://oztimberfloor.com.au/hybrid-flooring-sydney/,/hybrid-flooring-sydney/,/hybrid-flooring-sydney.html,200,service-or-core,mapped
https://oztimberfloor.com.au/laminate-flooring-sydney/,/laminate-flooring-sydney/,/laminate-flooring-sydney.html,200,service-or-core,mapped
https://oztimberfloor.com.au/office-flooring-sydney/,/office-flooring-sydney/,/office-flooring-sydney.html,200,service-or-core,mapped
https://oztimberfloor.com.au/projects/,/projects/,/projects.html,200,other,mapped
https://oztimberfloor.com.au/services/,/services/,/services.html,200,service-or-core,mapped
https://oztimberfloor.com.au/solid-timber-flooring-sydney/,/solid-timber-flooring-sydney/,/solid-timber-flooring-sydney.html,200,service-or-core,mapped
https://oztimberfloor.com.au/timber-floor-removal-and-stripping-sydney/,/timber-floor-removal-and-stripping-sydney/,/timber-floor-removal-and-stripping-sydney.html,200,service-or-core,mapped
https://oztimberfloor.com.au/timber-floor-sanding-and-polishing-sydney/,/timber-floor-sanding-and-polishing-sydney/,/timber-floor-sanding-and-polishing-sydney.html,200,service-or-core,mapped
https://oztimberfloor.com.au/timber-flooring-installation-sydney/,/timber-flooring-installation-sydney/,/timber-flooring-installation-sydney.html,200,service-or-core,mapped
https://oztimberfloor.com.au/timber-flooring-supplier-sydney/,/timber-flooring-supplier-sydney/,/timber-flooring-supplier-sydney.html,200,service-or-core,mapped
https://oztimberfloor.com.au/vinyl-flooring-sydney/,/vinyl-flooring-sydney/,/vinyl-flooring-sydney.html,200,service-or-core,mapped
https://oztimberfloor.com.au/about-us/,/about-us/,/about/,301,service-or-core,mapped
https://oztimberfloor.com.au/services/,/services/,/services/,301,service-or-core,mapped
https://oztimberfloor.com.au/contact-us/,/contact-us/,/contact/,301,service-or-core,mapped
https://oztimberfloor.com.au/timber-floor-installation/,/timber-floor-installation/,/timber-flooring-installation-sydney/,301,service-or-core,mapped
https://oztimberfloor.com.au/floor-levelling/,/floor-levelling/,/floor-levelling-sydney/,301,service-or-core,mapped
https://oztimberfloor.com.au/commercial-flooring/,/commercial-flooring/,/commercial-flooring-sydney/,301,service-or-core,mapped
https://oztimberfloor.com.au/169-2/,/169-2/,/commercial-flooring-sydney/,301,other,mapped
https://oztimberfloor.com.au/office-flooring/,/office-flooring/,/office-flooring-sydney/,301,service-or-core,mapped
https://oztimberfloor.com.au/timber-floor-sanding-and-polishing/,/timber-floor-sanding-and-polishing/,/timber-floor-sanding-and-polishing-sydney/,301,service-or-core,mapped
https://oztimberfloor.com.au/timber-floor-removal-and-stripping/,/timber-floor-removal-and-stripping/,/timber-floor-removal-and-stripping-sydney/,301,service-or-core,mapped
https://oztimberfloor.com.au/laminate/,/laminate/,/laminate-flooring-sydney/,301,other,mapped
https://oztimberfloor.com.au/hybrid/,/hybrid/,/hybrid-flooring-sydney/,301,other,mapped
https://oztimberfloor.com.au/engineered-timber-flooring/,/engineered-timber-flooring/,/engineered-timber-flooring-sydney/,301,service-or-core,mapped
https://oztimberfloor.com.au/manufactured-wood/,/manufactured-wood/,/engineered-timber-flooring-sydney/,301,other,mapped
https://oztimberfloor.com.au/solid-timber/,/solid-timber/,/solid-timber-flooring-sydney/,301,other,mapped
https://oztimberfloor.com.au/vinyl/,/vinyl/,/vinyl-flooring-sydney/,301,other,mapped
https://oztimberfloor.com.au/blogs/,/blogs/,/guides/,301,guide,mapped
https://oztimberfloor.com.au/faqs/,/faqs/,/faqs/,301,service-or-core,mapped
https://oztimberfloor.com.au/gallery/,/gallery/,/projects/,301,service-or-core,mapped
https://oztimberfloor.com.au/shop/,/shop/,/products/,301,other,mapped
https://oztimberfloor.com.au/innovakitchens/,/innovakitchens/,/404.html,410,other,gone
https://oztimberfloor.com.au/swish-oak/,/swish-oak/,/ranges/swish-oak/,301,other,mapped
https://oztimberfloor.com.au/pronto/,/pronto/,/ranges/pronto/,301,other,mapped
https://oztimberfloor.com.au/raw-timber/,/raw-timber/,/ranges/raw-timber/,301,other,mapped
https://oztimberfloor.com.au/swish-aquastop-2/,/swish-aquastop-2/,/ranges/swish-aquastop/,301,other,mapped
https://oztimberfloor.com.au/swish-laminate-2/,/swish-laminate-2/,/ranges/swish-laminate/,301,other,mapped
https://oztimberfloor.com.au/promotions/,/promotions/,/products/,301,other,mapped
https://oztimberfloor.com.au/sitemap/,/sitemap/,/sitemap.xml,301,other,mapped
https://oztimberfloor.com.au/oak-flooring-sydney/,/oak-flooring-sydney/,/ranges/oak-flooring-sydney/,301,service-or-core,mapped
https://oztimberfloor.com.au/reflections-laminate/,/reflections-laminate/,/ranges/reflections-laminate/,301,other,mapped
https://oztimberfloor.com.au/villeroy-boch-aquastop/,/villeroy-boch-aquastop/,/ranges/villeroy-boch-aquastop/,301,other,mapped
https://oztimberfloor.com.au/aspire-hybrid/,/aspire-hybrid/,/ranges/aspire-hybrid/,301,other,mapped
https://oztimberfloor.com.au/grand-oak/,/grand-oak/,/ranges/grand-oak/,301,other,mapped
https://oztimberfloor.com.au/kronoswiss-aquastop/,/kronoswiss-aquastop/,/ranges/kronoswiss-aquastop/,301,other,mapped
https://oztimberfloor.com.au/luxury-hybrid/,/luxury-hybrid/,/ranges/luxury-hybrid/,301,other,mapped
https://oztimberfloor.com.au/oakleaf-laminate/,/oakleaf-laminate/,/ranges/oakleaf-laminate/,301,other,mapped
https://oztimberfloor.com.au/ornato-hybrid/,/ornato-hybrid/,/ranges/ornato-hybrid/,301,other,mapped
https://oztimberfloor.com.au/-classic/,/-classic/,/ranges/classic-laminate/,301,other,mapped
https://oztimberfloor.com.au/prestige-oak/,/prestige-oak/,/ranges/prestige-oak/,301,other,mapped
https://oztimberfloor.com.au/select-australian-timber/,/select-australian-timber/,/ranges/select-australian-timber/,301,other,mapped
https://oztimberfloor.com.au/why-a-hardwood-timber-floor-will-never-be-out-of-style/,/why-a-hardwood-timber-floor-will-never-be-out-of-style/,/guides/why-a-hardwood-timber-floor-will-never-be-out-of-style/,301,guide,mapped
https://oztimberfloor.com.au/laying-the-foundations-right-why-floor-levelling-matters-for-your-timber-flooring/,/laying-the-foundations-right-why-floor-levelling-matters-for-your-timber-flooring/,/guides/laying-the-foundations-right-why-floor-levelling-matters-for-your-timber-flooring/,301,guide,mapped
https://oztimberfloor.com.au/5-tell-tale-signs-engineered-timber-flooring-is-right-for-your-property/,/5-tell-tale-signs-engineered-timber-flooring-is-right-for-your-property/,/guides/5-tell-tale-signs-engineered-timber-flooring-is-right-for-your-property/,301,guide,mapped
https://oztimberfloor.com.au/the-5-questions-to-ask-your-timber-floor-installer-in-sydney/,/the-5-questions-to-ask-your-timber-floor-installer-in-sydney/,/guides/the-5-questions-to-ask-your-timber-floor-installer-in-sydney/,301,guide,mapped
https://oztimberfloor.com.au/your-guide-for-choosing-a-reliable-sydney-timber-flooring-provider/,/your-guide-for-choosing-a-reliable-sydney-timber-flooring-provider/,/guides/your-guide-for-choosing-a-reliable-sydney-timber-flooring-provider/,301,guide,mapped
https://oztimberfloor.com.au/3-services-timber-floor-installers-in-sydney-can-do-for-you/,/3-services-timber-floor-installers-in-sydney-can-do-for-you/,/guides/3-services-timber-floor-installers-in-sydney-can-do-for-you/,301,guide,mapped
https://oztimberfloor.com.au/common-questions-we-get-as-hybrid-floor-installers-in-sydney/,/common-questions-we-get-as-hybrid-floor-installers-in-sydney/,/guides/common-questions-we-get-as-hybrid-floor-installers-in-sydney/,301,guide,mapped
https://oztimberfloor.com.au/hire-over-diy/,/hire-over-diy/,/guides/hire-over-diy/,301,guide,mapped
https://oztimberfloor.com.au/3-reasons-why-modern-homes-use-engineered-oak-flooring-in-sydney/,/3-reasons-why-modern-homes-use-engineered-oak-flooring-in-sydney/,/guides/3-reasons-why-modern-homes-use-engineered-oak-flooring-in-sydney/,301,guide,mapped
https://oztimberfloor.com.au/solid-timber-flooring-vs-engineered-flooring-which-one-is-right-for-you/,/solid-timber-flooring-vs-engineered-flooring-which-one-is-right-for-you/,/guides/solid-timber-flooring-vs-engineered-flooring-which-one-is-right-for-you/,301,guide,mapped
https://oztimberfloor.com.au/how-hybrid-timber-flooring-performs-in-sydney-apartments/,/how-hybrid-timber-flooring-performs-in-sydney-apartments/,/guides/how-hybrid-timber-flooring-performs-in-sydney-apartments/,301,guide,mapped
https://oztimberfloor.com.au/when-to-restore-replace-or-extend-existing-solid-timber-floors/,/when-to-restore-replace-or-extend-existing-solid-timber-floors/,/guides/when-to-restore-replace-or-extend-existing-solid-timber-floors/,301,guide,mapped
https://oztimberfloor.com.au/local-supply-installation-and-custom-finish-options-for-commercial-timber-flooring/,/local-supply-installation-and-custom-finish-options-for-commercial-timber-flooring/,/guides/local-supply-installation-and-custom-finish-options-for-commercial-timber-flooring/,301,guide,mapped
https://oztimberfloor.com.au/choosing-office-flooring-durability-design-performance/,/choosing-office-flooring-durability-design-performance/,/guides/choosing-office-flooring-durability-design-performance/,301,guide,mapped
https://oztimberfloor.com.au/professional-commercial-flooring-installation-what-to-expect/,/professional-commercial-flooring-installation-what-to-expect/,/guides/professional-commercial-flooring-installation-what-to-expect/,301,guide,mapped
https://oztimberfloor.com.au/why-commercial-timber-flooring-is-the-right-choice-for-high-end-spaces/,/why-commercial-timber-flooring-is-the-right-choice-for-high-end-spaces/,/guides/why-commercial-timber-flooring-is-the-right-choice-for-high-end-spaces/,301,guide,mapped
https://oztimberfloor.com.au/why-hardwood-timber-flooring-is-a-good-investment/,/why-hardwood-timber-flooring-is-a-good-investment/,/guides/why-hardwood-timber-flooring-is-a-good-investment/,301,guide,mapped
https://oztimberfloor.com.au/commercial-timber-flooring-specialist-sydney-builders-designers/,/commercial-timber-flooring-specialist-sydney-builders-designers/,/guides/commercial-timber-flooring-specialist-sydney-builders-designers/,301,guide,mapped
https://oztimberfloor.com.au/guide-to-choosing-the-right-vinyl-timber-flooring/,/guide-to-choosing-the-right-vinyl-timber-flooring/,/guides/guide-to-choosing-the-right-vinyl-timber-flooring/,301,guide,mapped
https://oztimberfloor.com.au/commercial-timber-flooring-high-traffic-spaces-sydney/,/commercial-timber-flooring-high-traffic-spaces-sydney/,/guides/commercial-timber-flooring-high-traffic-spaces-sydney/,301,guide,mapped
https://oztimberfloor.com.au/product-category/uncategorized/,/product-category/uncategorized/,/404.html,410,product-category,gone
https://oztimberfloor.com.au/product-category/hybrid/artisan-hybrid-tile/,/product-category/hybrid/artisan-hybrid-tile/,/ranges/artisan-hybrid-tile/,301,product-category,mapped
https://oztimberfloor.com.au/product-category/engineered-timber/artisan-oak/,/product-category/engineered-timber/artisan-oak/,/ranges/artisan-oak/,301,product-category,mapped
https://oztimberfloor.com.au/product-category/hybrid/aspire-classic-width/,/product-category/hybrid/aspire-classic-width/,/ranges/aspire-classic-width/,301,product-category,mapped
https://oztimberfloor.com.au/product-category/hybrid/aspire-super-width/,/product-category/hybrid/aspire-super-width/,/ranges/aspire-super-width/,301,product-category,mapped
https://oztimberfloor.com.au/product-category/solid-timber/australian-raw-hardwood-timber/,/product-category/solid-timber/australian-raw-hardwood-timber/,/ranges/australian-raw-hardwood-timber/,301,product-category,mapped
https://oztimberfloor.com.au/product-category/hybrid/easi-plank/,/product-category/hybrid/easi-plank/,/ranges/easi-plank/,301,product-category,mapped
https://oztimberfloor.com.au/product-category/engineered-timber/,/product-category/engineered-timber/,/engineered-timber-flooring-sydney/,301,product-category,mapped
https://oztimberfloor.com.au/product-category/hybrid/etf-hybrid-spc-9mm/,/product-category/hybrid/etf-hybrid-spc-9mm/,/ranges/etf-hybrid-spc-9mm/,301,product-category,mapped
https://oztimberfloor.com.au/product-category/engineered-timber/grand-oak-14-5mm/,/product-category/engineered-timber/grand-oak-14-5mm/,/ranges/grand-oak-14-5mm/,301,product-category,mapped
https://oztimberfloor.com.au/product-category/engineered-timber/grand-oak/,/product-category/engineered-timber/grand-oak/,/ranges/grand-oak/,301,product-category,mapped
https://oztimberfloor.com.au/product-category/hybrid/,/product-category/hybrid/,/hybrid-flooring-sydney/,301,product-category,mapped
https://oztimberfloor.com.au/product-category/hybrid/hydroplank-wpc/,/product-category/hybrid/hydroplank-wpc/,/ranges/hydroplank-wpc/,301,product-category,mapped
https://oztimberfloor.com.au/product-category/laminate/infinite-laminate/,/product-category/laminate/infinite-laminate/,/ranges/infinite-laminate/,301,product-category,mapped
https://oztimberfloor.com.au/product-category/laminate/kronoswiss-aquastop-laminate-12mm/,/product-category/laminate/kronoswiss-aquastop-laminate-12mm/,/ranges/kronoswiss-aquastop-laminate-12mm/,301,product-category,mapped
https://oztimberfloor.com.au/product-category/laminate/kronoswiss-aquastop-laminate-14mm/,/product-category/laminate/kronoswiss-aquastop-laminate-14mm/,/ranges/kronoswiss-aquastop-laminate-14mm/,301,product-category,mapped
https://oztimberfloor.com.au/product-category/laminate/kronoswiss-aquastop-laminate-8mm/,/product-category/laminate/kronoswiss-aquastop-laminate-8mm/,/ranges/kronoswiss-aquastop-laminate-8mm/,301,product-category,mapped
https://oztimberfloor.com.au/product-category/laminate/,/product-category/laminate/,/laminate-flooring-sydney/,301,product-category,mapped
https://oztimberfloor.com.au/product-category/hybrid/luxury-hybrid/,/product-category/hybrid/luxury-hybrid/,/ranges/luxury-hybrid/,301,product-category,mapped
https://oztimberfloor.com.au/product-category/laminate/oakleaf-laminate/,/product-category/laminate/oakleaf-laminate/,/ranges/oakleaf-laminate/,301,product-category,mapped
https://oztimberfloor.com.au/product-category/hybrid/ornato-hybrid/,/product-category/hybrid/ornato-hybrid/,/ranges/ornato-hybrid/,301,product-category,mapped
https://oztimberfloor.com.au/product-category/vinyl/ornato-vinyl/,/product-category/vinyl/ornato-vinyl/,/ranges/ornato-vinyl/,301,product-category,mapped
https://oztimberfloor.com.au/product-category/laminate/-classic-laminate/,/product-category/laminate/-classic-laminate/,/ranges/classic-laminate/,301,product-category,mapped
https://oztimberfloor.com.au/product-category/engineered-timber/-fiddleback/,/product-category/engineered-timber/-fiddleback/,/ranges/fiddleback/,301,product-category,mapped
https://oztimberfloor.com.au/product-category/engineered-timber/-select-australian-timber/,/product-category/engineered-timber/-select-australian-timber/,/ranges/select-australian-timber/,301,product-category,mapped
https://oztimberfloor.com.au/product-category/engineered-timber/prestige-oak-15mm/,/product-category/engineered-timber/prestige-oak-15mm/,/ranges/prestige-oak-15mm/,301,product-category,mapped
https://oztimberfloor.com.au/product-category/engineered-timber/prestige-oak-21mm/,/product-category/engineered-timber/prestige-oak-21mm/,/ranges/prestige-oak-21mm/,301,product-category,mapped
https://oztimberfloor.com.au/product-category/engineered-timber/pronto-engineered-oak/,/product-category/engineered-timber/pronto-engineered-oak/,/ranges/pronto-engineered-oak/,301,product-category,mapped
https://oztimberfloor.com.au/product-category/laminate/reflections-laminate/,/product-category/laminate/reflections-laminate/,/ranges/reflections-laminate/,301,product-category,mapped
https://oztimberfloor.com.au/product-category/solid-timber/,/product-category/solid-timber/,/solid-timber-flooring-sydney/,301,product-category,mapped
https://oztimberfloor.com.au/product-category/hybrid/stone-floor-marble/,/product-category/hybrid/stone-floor-marble/,/ranges/stone-floor-marble/,301,product-category,mapped
https://oztimberfloor.com.au/product-category/hybrid/stone-floor-tile/,/product-category/hybrid/stone-floor-tile/,/ranges/stone-floor-tile/,301,product-category,mapped
https://oztimberfloor.com.au/product-category/hybrid/stone-floor-timber/,/product-category/hybrid/stone-floor-timber/,/ranges/stone-floor-timber/,301,product-category,mapped
https://oztimberfloor.com.au/product-category/hybrid/storm-luxury-hybrid-planks/,/product-category/hybrid/storm-luxury-hybrid-planks/,/ranges/storm-luxury-hybrid-planks/,301,product-category,mapped
https://oztimberfloor.com.au/product-category/laminate/swish-aquastop-laminate/,/product-category/laminate/swish-aquastop-laminate/,/ranges/swish-aquastop-laminate/,301,product-category,mapped
https://oztimberfloor.com.au/product-category/laminate/swish-laminate/,/product-category/laminate/swish-laminate/,/ranges/swish-laminate/,301,product-category,mapped
https://oztimberfloor.com.au/product-category/engineered-timber/swish-oak/,/product-category/engineered-timber/swish-oak/,/ranges/swish-oak/,301,product-category,mapped
https://oztimberfloor.com.au/product-category/solid-timber/-pre-finished-solid-timber/,/product-category/solid-timber/-pre-finished-solid-timber/,/ranges/pre-finished-solid-timber/,301,product-category,mapped
https://oztimberfloor.com.au/product-category/laminate/villeroy-boch-aquastop-10mm/,/product-category/laminate/villeroy-boch-aquastop-10mm/,/ranges/villeroy-boch-aquastop-10mm/,301,product-category,mapped
https://oztimberfloor.com.au/product-category/laminate/villeroy-boch-aquastop-12mm/,/product-category/laminate/villeroy-boch-aquastop-12mm/,/ranges/villeroy-boch-aquastop-12mm/,301,product-category,mapped
https://oztimberfloor.com.au/product-category/laminate/villeroy-boch-aquastop-8mm/,/product-category/laminate/villeroy-boch-aquastop-8mm/,/ranges/villeroy-boch-aquastop-8mm/,301,product-category,mapped
https://oztimberfloor.com.au/product-category/vinyl/,/product-category/vinyl/,/vinyl-flooring-sydney/,301,product-category,mapped
https://oztimberfloor.com.au/product/-fiddleback-blackbutt-semi-gloss/,/product/-fiddleback-blackbutt-semi-gloss/,/products/fiddleback-blackbutt-semi-gloss/,301,product,mapped
https://oztimberfloor.com.au/product/-fiddleback-spotted-gum-smooth-semi-gloss/,/product/-fiddleback-spotted-gum-smooth-semi-gloss/,/products/fiddleback-spotted-gum-smooth-semi-gloss/,301,product,mapped
https://oztimberfloor.com.au/product/-fiddleback-spotted-gum-brush-matte/,/product/-fiddleback-spotted-gum-brush-matte/,/products/fiddleback-spotted-gum-brush-matte/,301,product,mapped
https://oztimberfloor.com.au/product/-fiddleback-backbutt-smooth-10-matte/,/product/-fiddleback-backbutt-smooth-10-matte/,/products/fiddleback-backbutt-smooth-10-matte/,301,product,mapped
https://oztimberfloor.com.au/product/-fiddleback-spotted-gum-smooth-10-matte/,/product/-fiddleback-spotted-gum-smooth-10-matte/,/products/fiddleback-spotted-gum-smooth-10-matte/,301,product,mapped
https://oztimberfloor.com.au/product/-fiddleback-blackbutt-brushed-matte/,/product/-fiddleback-blackbutt-brushed-matte/,/products/fiddleback-blackbutt-brushed-matte/,301,product,mapped
https://oztimberfloor.com.au/product/villeroy-boch-aquastop-valley-oak/,/product/villeroy-boch-aquastop-valley-oak/,/products/villeroy-boch-aquastop-valley-oak/,301,product,mapped
https://oztimberfloor.com.au/product/villeroy-boch-aquastop-shefilled-oak/,/product/villeroy-boch-aquastop-shefilled-oak/,/products/villeroy-boch-aquastop-shefilled-oak/,301,product,mapped
https://oztimberfloor.com.au/product/villeroy-boch-aquastop-stone-oak/,/product/villeroy-boch-aquastop-stone-oak/,/products/villeroy-boch-aquastop-stone-oak/,301,product,mapped
https://oztimberfloor.com.au/product/villeroy-boch-aquastop-sand-oak/,/product/villeroy-boch-aquastop-sand-oak/,/products/villeroy-boch-aquastop-sand-oak/,301,product,mapped
https://oztimberfloor.com.au/product/villeroy-boch-aquastop-meadow-teak/,/product/villeroy-boch-aquastop-meadow-teak/,/products/villeroy-boch-aquastop-meadow-teak/,301,product,mapped
https://oztimberfloor.com.au/product/villeroy-boch-aquastop-castle-oak/,/product/villeroy-boch-aquastop-castle-oak/,/products/villeroy-boch-aquastop-castle-oak/,301,product,mapped
https://oztimberfloor.com.au/product/villeroy-boch-aquastop-straight-oak/,/product/villeroy-boch-aquastop-straight-oak/,/products/villeroy-boch-aquastop-straight-oak/,301,product,mapped
https://oztimberfloor.com.au/product/villeroy-boch-aquastop-present-chestnut/,/product/villeroy-boch-aquastop-present-chestnut/,/products/villeroy-boch-aquastop-present-chestnut/,301,product,mapped
https://oztimberfloor.com.au/product/villeroy-boch-aquastop-pearl-oak/,/product/villeroy-boch-aquastop-pearl-oak/,/products/villeroy-boch-aquastop-pearl-oak/,301,product,mapped
https://oztimberfloor.com.au/product/villeroy-boch-aquastop-london-oak/,/product/villeroy-boch-aquastop-london-oak/,/products/villeroy-boch-aquastop-london-oak/,301,product,mapped
https://oztimberfloor.com.au/product/villeroy-boch-aquastop-loft-oak/,/product/villeroy-boch-aquastop-loft-oak/,/products/villeroy-boch-aquastop-loft-oak/,301,product,mapped
https://oztimberfloor.com.au/product/villeroy-boch-aquastop-flowing-oak/,/product/villeroy-boch-aquastop-flowing-oak/,/products/villeroy-boch-aquastop-flowing-oak/,301,product,mapped
https://oztimberfloor.com.au/product/villeroy-boch-aquastop-current-oak/,/product/villeroy-boch-aquastop-current-oak/,/products/villeroy-boch-aquastop-current-oak/,301,product,mapped
https://oztimberfloor.com.au/product/villeroy-boch-aquastop-brixton-oak/,/product/villeroy-boch-aquastop-brixton-oak/,/products/villeroy-boch-aquastop-brixton-oak/,301,product,mapped
https://oztimberfloor.com.au/product/villeroy-boch-aquastop-bradford-oak/,/product/villeroy-boch-aquastop-bradford-oak/,/products/villeroy-boch-aquastop-bradford-oak/,301,product,mapped
https://oztimberfloor.com.au/product/villeroy-boch-aquastop-beltimore-oak/,/product/villeroy-boch-aquastop-beltimore-oak/,/products/villeroy-boch-aquastop-beltimore-oak/,301,product,mapped
https://oztimberfloor.com.au/product/villeroy-boch-aquastop-pure-elm/,/product/villeroy-boch-aquastop-pure-elm/,/products/villeroy-boch-aquastop-pure-elm/,301,product,mapped
https://oztimberfloor.com.au/product/villeroy-boch-aquastop-royal-teak/,/product/villeroy-boch-aquastop-royal-teak/,/products/villeroy-boch-aquastop-royal-teak/,301,product,mapped
https://oztimberfloor.com.au/product/villeroy-boch-aquastop-wellness-oak/,/product/villeroy-boch-aquastop-wellness-oak/,/products/villeroy-boch-aquastop-wellness-oak/,301,product,mapped
https://oztimberfloor.com.au/product/villeroy-boch-aquastop-titan-pine/,/product/villeroy-boch-aquastop-titan-pine/,/products/villeroy-boch-aquastop-titan-pine/,301,product,mapped
https://oztimberfloor.com.au/product/villeroy-boch-aquastop-white-oak/,/product/villeroy-boch-aquastop-white-oak/,/products/villeroy-boch-aquastop-white-oak/,301,product,mapped
https://oztimberfloor.com.au/product/aspire-qld-spotted-gum/,/product/aspire-qld-spotted-gum/,/products/aspire-qld-spotted-gum/,301,product,mapped
https://oztimberfloor.com.au/product/aspire-nsw-spotted-gum/,/product/aspire-nsw-spotted-gum/,/products/aspire-nsw-spotted-gum/,301,product,mapped
https://oztimberfloor.com.au/product/aspire-new-england-blackbutt/,/product/aspire-new-england-blackbutt/,/products/aspire-new-england-blackbutt/,301,product,mapped
https://oztimberfloor.com.au/product/aspire-coastal-blackbutt/,/product/aspire-coastal-blackbutt/,/products/aspire-coastal-blackbutt/,301,product,mapped
https://oztimberfloor.com.au/product/aspire-warm-spring/,/product/aspire-warm-spring/,/products/aspire-warm-spring/,301,product,mapped
https://oztimberfloor.com.au/product/aspire-twilight-mist/,/product/aspire-twilight-mist/,/products/aspire-twilight-mist/,301,product,mapped
https://oztimberfloor.com.au/product/aspire-tumbleweed/,/product/aspire-tumbleweed/,/products/aspire-tumbleweed/,301,product,mapped
https://oztimberfloor.com.au/product/aspire-tempest/,/product/aspire-tempest/,/products/aspire-tempest/,301,product,mapped
https://oztimberfloor.com.au/product/aspire-silver-moon/,/product/aspire-silver-moon/,/products/aspire-silver-moon/,301,product,mapped
https://oztimberfloor.com.au/product/aspire-pale-gorge/,/product/aspire-pale-gorge/,/products/aspire-pale-gorge/,301,product,mapped
https://oztimberfloor.com.au/product/aspire-homstead/,/product/aspire-homstead/,/products/aspire-homstead/,301,product,mapped
https://oztimberfloor.com.au/product/aspire-crystal-lake/,/product/aspire-crystal-lake/,/products/aspire-crystal-lake/,301,product,mapped
https://oztimberfloor.com.au/product/aspire-buckskin/,/product/aspire-buckskin/,/products/aspire-buckskin/,301,product,mapped
https://oztimberfloor.com.au/product/aspire-barn-oak/,/product/aspire-barn-oak/,/products/aspire-barn-oak/,301,product,mapped
https://oztimberfloor.com.au/product/artisan-cotton-wood/,/product/artisan-cotton-wood/,/products/artisan-cotton-wood/,301,product,mapped
https://oztimberfloor.com.au/product/artisan-biarritz/,/product/artisan-biarritz/,/products/artisan-biarritz/,301,product,mapped
https://oztimberfloor.com.au/product/artisan-chanterelle/,/product/artisan-chanterelle/,/products/artisan-chanterelle/,301,product,mapped
https://oztimberfloor.com.au/product/artisan-chantilly/,/product/artisan-chantilly/,/products/artisan-chantilly/,301,product,mapped
https://oztimberfloor.com.au/product/artisan-naturalle/,/product/artisan-naturalle/,/products/artisan-naturalle/,301,product,mapped
https://oztimberfloor.com.au/product/artisan-oxford-grey/,/product/artisan-oxford-grey/,/products/artisan-oxford-grey/,301,product,mapped
https://oztimberfloor.com.au/product/artisan-provence/,/product/artisan-provence/,/products/artisan-provence/,301,product,mapped
https://oztimberfloor.com.au/product/artisan-woodlands/,/product/artisan-woodlands/,/products/artisan-woodlands/,301,product,mapped
https://oztimberfloor.com.au/product/artisan-natural-classic/,/product/artisan-natural-classic/,/products/artisan-natural-classic/,301,product,mapped
https://oztimberfloor.com.au/product/artisan-romandie/,/product/artisan-romandie/,/products/artisan-romandie/,301,product,mapped
https://oztimberfloor.com.au/product/artisan-montreux/,/product/artisan-montreux/,/products/artisan-montreux/,301,product,mapped
https://oztimberfloor.com.au/product/artisan-brittany-grey/,/product/artisan-brittany-grey/,/products/artisan-brittany-grey/,301,product,mapped
https://oztimberfloor.com.au/product/-select-jarrah/,/product/-select-jarrah/,/products/select-jarrah/,301,product,mapped
https://oztimberfloor.com.au/product/-select-sydney-blue-gum/,/product/-select-sydney-blue-gum/,/products/select-sydney-blue-gum/,301,product,mapped
https://oztimberfloor.com.au/product/-select-spotted-gum/,/product/-select-spotted-gum/,/products/select-spotted-gum/,301,product,mapped
https://oztimberfloor.com.au/product/-select-blackbutt/,/product/-select-blackbutt/,/products/select-blackbutt/,301,product,mapped
https://oztimberfloor.com.au/product/luxury-hybrid-spotted-gum/,/product/luxury-hybrid-spotted-gum/,/products/luxury-hybrid-spotted-gum/,301,product,mapped
https://oztimberfloor.com.au/product/luxury-hybrid-vennice/,/product/luxury-hybrid-vennice/,/products/luxury-hybrid-vennice/,301,product,mapped
https://oztimberfloor.com.au/product/luxury-hybrid-hamburg/,/product/luxury-hybrid-hamburg/,/products/luxury-hybrid-hamburg/,301,product,mapped
https://oztimberfloor.com.au/product/luxury-hybrid-london/,/product/luxury-hybrid-london/,/products/luxury-hybrid-london/,301,product,mapped
https://oztimberfloor.com.au/product/luxury-hybrid-madrio/,/product/luxury-hybrid-madrio/,/products/luxury-hybrid-madrio/,301,product,mapped
https://oztimberfloor.com.au/product/luxury-hybrid-florence/,/product/luxury-hybrid-florence/,/products/luxury-hybrid-florence/,301,product,mapped
https://oztimberfloor.com.au/product/luxury-hybrid-moscow/,/product/luxury-hybrid-moscow/,/products/luxury-hybrid-moscow/,301,product,mapped
https://oztimberfloor.com.au/product/luxury-hybrid-blackbutt/,/product/luxury-hybrid-blackbutt/,/products/luxury-hybrid-blackbutt/,301,product,mapped
https://oztimberfloor.com.au/product/luxury-hybrid-oslo/,/product/luxury-hybrid-oslo/,/products/luxury-hybrid-oslo/,301,product,mapped
https://oztimberfloor.com.au/product/luxury-hybrid-milan/,/product/luxury-hybrid-milan/,/products/luxury-hybrid-milan/,301,product,mapped
https://oztimberfloor.com.au/product/luxury-hybrid-munich/,/product/luxury-hybrid-munich/,/products/luxury-hybrid-munich/,301,product,mapped
https://oztimberfloor.com.au/product/luxury-hybrid-kande-oak/,/product/luxury-hybrid-kande-oak/,/products/luxury-hybrid-kande-oak/,301,product,mapped
https://oztimberfloor.com.au/product/luxury-hybrid-vienna/,/product/luxury-hybrid-vienna/,/products/luxury-hybrid-vienna/,301,product,mapped
https://oztimberfloor.com.au/product/luxury-hybrid-paris/,/product/luxury-hybrid-paris/,/products/luxury-hybrid-paris/,301,product,mapped
https://oztimberfloor.com.au/product/luxury-hybrid-athens/,/product/luxury-hybrid-athens/,/products/luxury-hybrid-athens/,301,product,mapped
https://oztimberfloor.com.au/product/luxury-hybrid-barcelona/,/product/luxury-hybrid-barcelona/,/products/luxury-hybrid-barcelona/,301,product,mapped
https://oztimberfloor.com.au/product/reflections-amulet/,/product/reflections-amulet/,/products/reflections-amulet/,301,product,mapped
https://oztimberfloor.com.au/product/reflections-corio/,/product/reflections-corio/,/products/reflections-corio/,301,product,mapped
https://oztimberfloor.com.au/product/reflections-glazier/,/product/reflections-glazier/,/products/reflections-glazier/,301,product,mapped
https://oztimberfloor.com.au/product/reflections-merino/,/product/reflections-merino/,/products/reflections-merino/,301,product,mapped
https://oztimberfloor.com.au/product/reflections-brushbox/,/product/reflections-brushbox/,/products/reflections-brushbox/,301,product,mapped
https://oztimberfloor.com.au/product/reflections-woodlet/,/product/reflections-woodlet/,/products/reflections-woodlet/,301,product,mapped
https://oztimberfloor.com.au/product/oakleaf-classic-oak/,/product/oakleaf-classic-oak/,/products/oakleaf-classic-oak/,301,product,mapped
https://oztimberfloor.com.au/product/oakleaf-limesmoke-oak/,/product/oakleaf-limesmoke-oak/,/products/oakleaf-limesmoke-oak/,301,product,mapped
https://oztimberfloor.com.au/product/oakleaf-mystic-oak/,/product/oakleaf-mystic-oak/,/products/oakleaf-mystic-oak/,301,product,mapped
https://oztimberfloor.com.au/product/oakleaf-ivory/,/product/oakleaf-ivory/,/products/oakleaf-ivory/,301,product,mapped
https://oztimberfloor.com.au/product/oakleaf-seashell-oak/,/product/oakleaf-seashell-oak/,/products/oakleaf-seashell-oak/,301,product,mapped
https://oztimberfloor.com.au/product/oakleaf-nordic-oak/,/product/oakleaf-nordic-oak/,/products/oakleaf-nordic-oak/,301,product,mapped
https://oztimberfloor.com.au/product/oakleaf-maritime/,/product/oakleaf-maritime/,/products/oakleaf-maritime/,301,product,mapped
https://oztimberfloor.com.au/product/oakleaf-imperial/,/product/oakleaf-imperial/,/products/oakleaf-imperial/,301,product,mapped
https://oztimberfloor.com.au/product/oakleaf-blackbutt/,/product/oakleaf-blackbutt/,/products/oakleaf-blackbutt/,301,product,mapped
https://oztimberfloor.com.au/product/oakleaf-aspen-oak/,/product/oakleaf-aspen-oak/,/products/oakleaf-aspen-oak/,301,product,mapped
https://oztimberfloor.com.au/product/oakleaf-tawny-oak/,/product/oakleaf-tawny-oak/,/products/oakleaf-tawny-oak/,301,product,mapped
https://oztimberfloor.com.au/product/oakleaf-spotted-gum/,/product/oakleaf-spotted-gum/,/products/oakleaf-spotted-gum/,301,product,mapped
https://oztimberfloor.com.au/product/-classic-walnut/,/product/-classic-walnut/,/products/classic-walnut/,301,product,mapped
https://oztimberfloor.com.au/product/-classic-spotted-gum/,/product/-classic-spotted-gum/,/products/classic-spotted-gum/,301,product,mapped
https://oztimberfloor.com.au/product/-classic-merbau/,/product/-classic-merbau/,/products/classic-merbau/,301,product,mapped
https://oztimberfloor.com.au/product/-classic-euro-oak/,/product/-classic-euro-oak/,/products/classic-euro-oak/,301,product,mapped
https://oztimberfloor.com.au/product/-classic-brush-box/,/product/-classic-brush-box/,/products/classic-brush-box/,301,product,mapped
https://oztimberfloor.com.au/product/-classic-brazillian-oak/,/product/-classic-brazillian-oak/,/products/classic-brazillian-oak/,301,product,mapped
https://oztimberfloor.com.au/product/-classic-blackbutt/,/product/-classic-blackbutt/,/products/classic-blackbutt/,301,product,mapped
https://oztimberfloor.com.au/product/-classic-antique-oak/,/product/-classic-antique-oak/,/products/classic-antique-oak/,301,product,mapped
https://oztimberfloor.com.au/product/-classic-kempas/,/product/-classic-kempas/,/products/classic-kempas/,301,product,mapped
https://oztimberfloor.com.au/product/swish-aquastop-oak-vermont/,/product/swish-aquastop-oak-vermont/,/products/swish-aquastop-oak-vermont/,301,product,mapped
https://oztimberfloor.com.au/product/swish-aquastop-oak-paleno/,/product/swish-aquastop-oak-paleno/,/products/swish-aquastop-oak-paleno/,301,product,mapped
https://oztimberfloor.com.au/product/swish-aquastop-oak-ostana/,/product/swish-aquastop-oak-ostana/,/products/swish-aquastop-oak-ostana/,301,product,mapped
https://oztimberfloor.com.au/product/swish-aquastop-oak-nashville/,/product/swish-aquastop-oak-nashville/,/products/swish-aquastop-oak-nashville/,301,product,mapped
https://oztimberfloor.com.au/product/swish-aquastop-oak-georgia/,/product/swish-aquastop-oak-georgia/,/products/swish-aquastop-oak-georgia/,301,product,mapped
https://oztimberfloor.com.au/product/swish-aquastop-oak-fremont/,/product/swish-aquastop-oak-fremont/,/products/swish-aquastop-oak-fremont/,301,product,mapped
https://oztimberfloor.com.au/product/swish-aquastop-oak-chelsea/,/product/swish-aquastop-oak-chelsea/,/products/swish-aquastop-oak-chelsea/,301,product,mapped
https://oztimberfloor.com.au/product/swish-aquastop-oak-amelia/,/product/swish-aquastop-oak-amelia/,/products/swish-aquastop-oak-amelia/,301,product,mapped
https://oztimberfloor.com.au/product/swish-aquastop-oak-seattle/,/product/swish-aquastop-oak-seattle/,/products/swish-aquastop-oak-seattle/,301,product,mapped
https://oztimberfloor.com.au/product/swish-aquastop-oak-colonial/,/product/swish-aquastop-oak-colonial/,/products/swish-aquastop-oak-colonial/,301,product,mapped
https://oztimberfloor.com.au/product/swish-aquastop-spotted-gum/,/product/swish-aquastop-spotted-gum/,/products/swish-aquastop-spotted-gum/,301,product,mapped
https://oztimberfloor.com.au/product/swish-aquastop-blackbutt/,/product/swish-aquastop-blackbutt/,/products/swish-aquastop-blackbutt/,301,product,mapped
https://oztimberfloor.com.au/product/reflections-catalyst/,/product/reflections-catalyst/,/products/reflections-catalyst/,301,product,mapped
https://oztimberfloor.com.au/product/reflections-winsome/,/product/reflections-winsome/,/products/reflections-winsome/,301,product,mapped
https://oztimberfloor.com.au/product/reflections-spotted-gum/,/product/reflections-spotted-gum/,/products/reflections-spotted-gum/,301,product,mapped
https://oztimberfloor.com.au/product/reflections-blacbutt/,/product/reflections-blacbutt/,/products/reflections-blacbutt/,301,product,mapped
https://oztimberfloor.com.au/product/ornato-hybrid-coastal-blackbutt/,/product/ornato-hybrid-coastal-blackbutt/,/products/ornato-hybrid-coastal-blackbutt/,301,product,mapped
https://oztimberfloor.com.au/product/ornato-hybrid-cotton-oak/,/product/ornato-hybrid-cotton-oak/,/products/ornato-hybrid-cotton-oak/,301,product,mapped
https://oztimberfloor.com.au/product/ornato-hybrid-ebony/,/product/ornato-hybrid-ebony/,/products/ornato-hybrid-ebony/,301,product,mapped
https://oztimberfloor.com.au/product/ornato-hybrid-oak-atlanta/,/product/ornato-hybrid-oak-atlanta/,/products/ornato-hybrid-oak-atlanta/,301,product,mapped
https://oztimberfloor.com.au/product/ornato-hybrid-oak-saffron/,/product/ornato-hybrid-oak-saffron/,/products/ornato-hybrid-oak-saffron/,301,product,mapped
https://oztimberfloor.com.au/product/ornato-hybrid-oak-sofia/,/product/ornato-hybrid-oak-sofia/,/products/ornato-hybrid-oak-sofia/,301,product,mapped
https://oztimberfloor.com.au/product/ornato-hybrid-oak-titanium/,/product/ornato-hybrid-oak-titanium/,/products/ornato-hybrid-oak-titanium/,301,product,mapped
https://oztimberfloor.com.au/product/ornato-hybrid-pearl-grey/,/product/ornato-hybrid-pearl-grey/,/products/ornato-hybrid-pearl-grey/,301,product,mapped
https://oztimberfloor.com.au/product/ornato-hybrid-royal-oak/,/product/ornato-hybrid-royal-oak/,/products/ornato-hybrid-royal-oak/,301,product,mapped
https://oztimberfloor.com.au/product/ornato-hybrid-seashell-white/,/product/ornato-hybrid-seashell-white/,/products/ornato-hybrid-seashell-white/,301,product,mapped
https://oztimberfloor.com.au/product/ornato-hybrid-spotted-gum/,/product/ornato-hybrid-spotted-gum/,/products/ornato-hybrid-spotted-gum/,301,product,mapped
https://oztimberfloor.com.au/product/ornato-hybrid-walnut-brown/,/product/ornato-hybrid-walnut-brown/,/products/ornato-hybrid-walnut-brown/,301,product,mapped
https://oztimberfloor.com.au/product/grandoak-age-carbonised-oak/,/product/grandoak-age-carbonised-oak/,/products/grandoak-age-carbonised-oak/,301,product,mapped
https://oztimberfloor.com.au/product/grandoak-black-forest/,/product/grandoak-black-forest/,/products/grandoak-black-forest/,301,product,mapped
https://oztimberfloor.com.au/product/grandoak-driftwood/,/product/grandoak-driftwood/,/products/grandoak-driftwood/,301,product,mapped
https://oztimberfloor.com.au/product/grandoak-french-grey/,/product/grandoak-french-grey/,/products/grandoak-french-grey/,301,product,mapped
https://oztimberfloor.com.au/product/grandoak-ghost-white/,/product/grandoak-ghost-white/,/products/grandoak-ghost-white/,301,product,mapped
https://oztimberfloor.com.au/product/grandoak-natural-oak/,/product/grandoak-natural-oak/,/products/grandoak-natural-oak/,301,product,mapped
https://oztimberfloor.com.au/product/grandoak-trio-smoked-oak/,/product/grandoak-trio-smoked-oak/,/products/grandoak-trio-smoked-oak/,301,product,mapped
https://oztimberfloor.com.au/product/grandoak-white-smoked-oak/,/product/grandoak-white-smoked-oak/,/products/grandoak-white-smoked-oak/,301,product,mapped
https://oztimberfloor.com.au/product/grandoak-arctic-oak/,/product/grandoak-arctic-oak/,/products/grandoak-arctic-oak/,301,product,mapped
https://oztimberfloor.com.au/product/grandoak-mink-grey/,/product/grandoak-mink-grey/,/products/grandoak-mink-grey/,301,product,mapped
https://oztimberfloor.com.au/product/grandoak-gunsynd-oak/,/product/grandoak-gunsynd-oak/,/products/grandoak-gunsynd-oak/,301,product,mapped
https://oztimberfloor.com.au/product/grandoak-moroccan-oak/,/product/grandoak-moroccan-oak/,/products/grandoak-moroccan-oak/,301,product,mapped
https://oztimberfloor.com.au/product/grandoak-milano-oak/,/product/grandoak-milano-oak/,/products/grandoak-milano-oak/,301,product,mapped
https://oztimberfloor.com.au/product/grandoak-canyon-oak/,/product/grandoak-canyon-oak/,/products/grandoak-canyon-oak/,301,product,mapped
https://oztimberfloor.com.au/product/grandoak-european-oak/,/product/grandoak-european-oak/,/products/grandoak-european-oak/,301,product,mapped
https://oztimberfloor.com.au/product/grandoak-limed-oak/,/product/grandoak-limed-oak/,/products/grandoak-limed-oak/,301,product,mapped
https://oztimberfloor.com.au/product/grandoak-baliness-oak/,/product/grandoak-baliness-oak/,/products/grandoak-baliness-oak/,301,product,mapped
https://oztimberfloor.com.au/product/grandoak-burnt-oak/,/product/grandoak-burnt-oak/,/products/grandoak-burnt-oak/,301,product,mapped
https://oztimberfloor.com.au/product/grandoak-black-opal/,/product/grandoak-black-opal/,/products/grandoak-black-opal/,301,product,mapped
https://oztimberfloor.com.au/product/grandoak-uluru-oak/,/product/grandoak-uluru-oak/,/products/grandoak-uluru-oak/,301,product,mapped
https://oztimberfloor.com.au/product/grandoak-persian-oak/,/product/grandoak-persian-oak/,/products/grandoak-persian-oak/,301,product,mapped
https://oztimberfloor.com.au/product/grandoak-desert-oak/,/product/grandoak-desert-oak/,/products/grandoak-desert-oak/,301,product,mapped
https://oztimberfloor.com.au/product/easi-plank-antique/,/product/easi-plank-antique/,/products/easi-plank-antique/,301,product,mapped
https://oztimberfloor.com.au/product/easi-plank-blackbutt/,/product/easi-plank-blackbutt/,/products/easi-plank-blackbutt/,301,product,mapped
https://oztimberfloor.com.au/product/easi-plank-brown-stone/,/product/easi-plank-brown-stone/,/products/easi-plank-brown-stone/,301,product,mapped
https://oztimberfloor.com.au/product/easi-plank-ironwood/,/product/easi-plank-ironwood/,/products/easi-plank-ironwood/,301,product,mapped
https://oztimberfloor.com.au/product/easi-plank-jarrah/,/product/easi-plank-jarrah/,/products/easi-plank-jarrah/,301,product,mapped
https://oztimberfloor.com.au/product/easi-plank-maize/,/product/easi-plank-maize/,/products/easi-plank-maize/,301,product,mapped
https://oztimberfloor.com.au/product/easi-plank-pewter/,/product/easi-plank-pewter/,/products/easi-plank-pewter/,301,product,mapped
https://oztimberfloor.com.au/product/easi-plank-porcelain/,/product/easi-plank-porcelain/,/products/easi-plank-porcelain/,301,product,mapped
https://oztimberfloor.com.au/product/easi-plank-red-stone/,/product/easi-plank-red-stone/,/products/easi-plank-red-stone/,301,product,mapped
https://oztimberfloor.com.au/product/easi-plank-silver-grey/,/product/easi-plank-silver-grey/,/products/easi-plank-silver-grey/,301,product,mapped
https://oztimberfloor.com.au/product/easi-plank-smoked-spotted-gum/,/product/easi-plank-smoked-spotted-gum/,/products/easi-plank-smoked-spotted-gum/,301,product,mapped
https://oztimberfloor.com.au/product/easi-plank-spotted-gum/,/product/easi-plank-spotted-gum/,/products/easi-plank-spotted-gum/,301,product,mapped
https://oztimberfloor.com.au/product/easi-plank-wheat/,/product/easi-plank-wheat/,/products/easi-plank-wheat/,301,product,mapped
https://oztimberfloor.com.au/product/easi-plank-washed-coral/,/product/easi-plank-washed-coral/,/products/easi-plank-washed-coral/,301,product,mapped
https://oztimberfloor.com.au/product/hydroplank-bronx/,/product/hydroplank-bronx/,/products/hydroplank-bronx/,301,product,mapped
https://oztimberfloor.com.au/product/hydroplank-brooklyn/,/product/hydroplank-brooklyn/,/products/hydroplank-brooklyn/,301,product,mapped
https://oztimberfloor.com.au/product/hydroplank-chelsea/,/product/hydroplank-chelsea/,/products/hydroplank-chelsea/,301,product,mapped
https://oztimberfloor.com.au/product/hydroplank-cooney-island/,/product/hydroplank-cooney-island/,/products/hydroplank-cooney-island/,301,product,mapped
https://oztimberfloor.com.au/product/hydroplank-hamptons/,/product/hydroplank-hamptons/,/products/hydroplank-hamptons/,301,product,mapped
https://oztimberfloor.com.au/product/hydroplank-harlem/,/product/hydroplank-harlem/,/products/hydroplank-harlem/,301,product,mapped
https://oztimberfloor.com.au/product/hydroplank-midtown/,/product/hydroplank-midtown/,/products/hydroplank-midtown/,301,product,mapped
https://oztimberfloor.com.au/product/hydroplank-queens/,/product/hydroplank-queens/,/products/hydroplank-queens/,301,product,mapped
https://oztimberfloor.com.au/product/hydroplank-soho/,/product/hydroplank-soho/,/products/hydroplank-soho/,301,product,mapped
https://oztimberfloor.com.au/product/hydroplank-straten-island/,/product/hydroplank-straten-island/,/products/hydroplank-straten-island/,301,product,mapped
https://oztimberfloor.com.au/product/australian-blackbutt/,/product/australian-blackbutt/,/products/australian-blackbutt/,301,product,mapped
https://oztimberfloor.com.au/product/pacific-blackbutt/,/product/pacific-blackbutt/,/products/pacific-blackbutt/,301,product,mapped
https://oztimberfloor.com.au/product/australian-spotted-gum/,/product/australian-spotted-gum/,/products/australian-spotted-gum/,301,product,mapped
https://oztimberfloor.com.au/product/pacific-spotted-gum/,/product/pacific-spotted-gum/,/products/pacific-spotted-gum/,301,product,mapped
https://oztimberfloor.com.au/product/kempas-natural/,/product/kempas-natural/,/products/kempas-natural/,301,product,mapped
https://oztimberfloor.com.au/product/kempas-red-stain/,/product/kempas-red-stain/,/products/kempas-red-stain/,301,product,mapped
https://oztimberfloor.com.au/product/grey-ironbark/,/product/grey-ironbark/,/products/grey-ironbark/,301,product,mapped
https://oztimberfloor.com.au/product/red-ironbark/,/product/red-ironbark/,/products/red-ironbark/,301,product,mapped
https://oztimberfloor.com.au/product/jarrah/,/product/jarrah/,/products/jarrah/,301,product,mapped
https://oztimberfloor.com.au/product/tasmanian-oak/,/product/tasmanian-oak/,/products/tasmanian-oak/,301,product,mapped
https://oztimberfloor.com.au/product/jatoba-brazilian-cherry/,/product/jatoba-brazilian-cherry/,/products/jatoba-brazilian-cherry/,301,product,mapped
https://oztimberfloor.com.au/product/brushbox/,/product/brushbox/,/products/brushbox/,301,product,mapped
https://oztimberfloor.com.au/product/red-river-gum/,/product/red-river-gum/,/products/red-river-gum/,301,product,mapped
https://oztimberfloor.com.au/product/cumaru-brazilian-teak/,/product/cumaru-brazilian-teak/,/products/cumaru-brazilian-teak/,301,product,mapped
https://oztimberfloor.com.au/product/kerangi-king-teak/,/product/kerangi-king-teak/,/products/kerangi-king-teak/,301,product,mapped
https://oztimberfloor.com.au/product/sydney-blue-gum/,/product/sydney-blue-gum/,/products/sydney-blue-gum/,301,product,mapped
https://oztimberfloor.com.au/product/ornato-como/,/product/ornato-como/,/products/ornato-como/,301,product,mapped
https://oztimberfloor.com.au/product/ornato-florence/,/product/ornato-florence/,/products/ornato-florence/,301,product,mapped
https://oztimberfloor.com.au/product/ornato-latina/,/product/ornato-latina/,/products/ornato-latina/,301,product,mapped
https://oztimberfloor.com.au/product/ornato-le-mans/,/product/ornato-le-mans/,/products/ornato-le-mans/,301,product,mapped
https://oztimberfloor.com.au/product/ornato-milan/,/product/ornato-milan/,/products/ornato-milan/,301,product,mapped
https://oztimberfloor.com.au/product/ornato-morlaix/,/product/ornato-morlaix/,/products/ornato-morlaix/,301,product,mapped
https://oztimberfloor.com.au/product/ornato-pau/,/product/ornato-pau/,/products/ornato-pau/,301,product,mapped
https://oztimberfloor.com.au/product/ornato-rome/,/product/ornato-rome/,/products/ornato-rome/,301,product,mapped
https://oztimberfloor.com.au/product/ornato-sienna/,/product/ornato-sienna/,/products/ornato-sienna/,301,product,mapped
https://oztimberfloor.com.au/product/ornato-tivoli/,/product/ornato-tivoli/,/products/ornato-tivoli/,301,product,mapped
https://oztimberfloor.com.au/product/ornato-tuscany/,/product/ornato-tuscany/,/products/ornato-tuscany/,301,product,mapped
https://oztimberfloor.com.au/product/ornato-umbrina/,/product/ornato-umbrina/,/products/ornato-umbrina/,301,product,mapped
https://oztimberfloor.com.au/product/ornato-verneto/,/product/ornato-verneto/,/products/ornato-verneto/,301,product,mapped
https://oztimberfloor.com.au/product/ornato-verona/,/product/ornato-verona/,/products/ornato-verona/,301,product,mapped
https://oztimberfloor.com.au/product/ornato-vichy/,/product/ornato-vichy/,/products/ornato-vichy/,301,product,mapped
https://oztimberfloor.com.au/product/ornato-vittoria/,/product/ornato-vittoria/,/products/ornato-vittoria/,301,product,mapped
https://oztimberfloor.com.au/product/solid-raw-timber-blackbutt/,/product/solid-raw-timber-blackbutt/,/products/solid-raw-timber-blackbutt/,301,product,mapped
https://oztimberfloor.com.au/product/solid-raw-timber-nsw-spotted-gum/,/product/solid-raw-timber-nsw-spotted-gum/,/products/solid-raw-timber-nsw-spotted-gum/,301,product,mapped
https://oztimberfloor.com.au/product/solid-raw-timber-brush-box/,/product/solid-raw-timber-brush-box/,/products/solid-raw-timber-brush-box/,301,product,mapped
https://oztimberfloor.com.au/product/solid-raw-timber-rose-gum/,/product/solid-raw-timber-rose-gum/,/products/solid-raw-timber-rose-gum/,301,product,mapped
https://oztimberfloor.com.au/product/solid-raw-timber-sydney-blue-gum/,/product/solid-raw-timber-sydney-blue-gum/,/products/solid-raw-timber-sydney-blue-gum/,301,product,mapped
https://oztimberfloor.com.au/product/solid-raw-timber-red-ironbark/,/product/solid-raw-timber-red-ironbark/,/products/solid-raw-timber-red-ironbark/,301,product,mapped
https://oztimberfloor.com.au/product/solid-raw-timber-american-white-oak/,/product/solid-raw-timber-american-white-oak/,/products/solid-raw-timber-american-white-oak/,301,product,mapped
https://oztimberfloor.com.au/product/solid-raw-timber-grey-ironbark/,/product/solid-raw-timber-grey-ironbark/,/products/solid-raw-timber-grey-ironbark/,301,product,mapped
https://oztimberfloor.com.au/product/solid-raw-timber-tasmanian-oak/,/product/solid-raw-timber-tasmanian-oak/,/products/solid-raw-timber-tasmanian-oak/,301,product,mapped
https://oztimberfloor.com.au/product/solid-raw-timber-cypress-pine/,/product/solid-raw-timber-cypress-pine/,/products/solid-raw-timber-cypress-pine/,301,product,mapped
https://oztimberfloor.com.au/product/solid-raw-timber-southern-beech/,/product/solid-raw-timber-southern-beech/,/products/solid-raw-timber-southern-beech/,301,product,mapped
https://oztimberfloor.com.au/product/solid-raw-timber-tallowwood/,/product/solid-raw-timber-tallowwood/,/products/solid-raw-timber-tallowwood/,301,product,mapped
https://oztimberfloor.com.au/product/solid-raw-timber-turpentine/,/product/solid-raw-timber-turpentine/,/products/solid-raw-timber-turpentine/,301,product,mapped
https://oztimberfloor.com.au/product/solid-raw-timber-grey-box/,/product/solid-raw-timber-grey-box/,/products/solid-raw-timber-grey-box/,301,product,mapped
https://oztimberfloor.com.au/product/stone-floor-snow-white/,/product/stone-floor-snow-white/,/products/stone-floor-snow-white/,301,product,mapped
https://oztimberfloor.com.au/product/stone-floor-crema/,/product/stone-floor-crema/,/products/stone-floor-crema/,301,product,mapped
https://oztimberfloor.com.au/product/stone-floor-grigio/,/product/stone-floor-grigio/,/products/stone-floor-grigio/,301,product,mapped
https://oztimberfloor.com.au/product/stone-floor-charcoal/,/product/stone-floor-charcoal/,/products/stone-floor-charcoal/,301,product,mapped
https://oztimberfloor.com.au/product/stone-floor-bianco-white/,/product/stone-floor-bianco-white/,/products/stone-floor-bianco-white/,301,product,mapped
https://oztimberfloor.com.au/product/stone-floor-jazz-white/,/product/stone-floor-jazz-white/,/products/stone-floor-jazz-white/,301,product,mapped
https://oztimberfloor.com.au/product/stone-floor-marvel-grey/,/product/stone-floor-marvel-grey/,/products/stone-floor-marvel-grey/,301,product,mapped
https://oztimberfloor.com.au/product/stone-floor-platinum-stone-grey/,/product/stone-floor-platinum-stone-grey/,/products/stone-floor-platinum-stone-grey/,301,product,mapped
https://oztimberfloor.com.au/product/stone-floor-nero-black/,/product/stone-floor-nero-black/,/products/stone-floor-nero-black/,301,product,mapped
https://oztimberfloor.com.au/product/stone-floor-white-wash/,/product/stone-floor-white-wash/,/products/stone-floor-white-wash/,301,product,mapped
https://oztimberfloor.com.au/product/stone-floor-oak-beige/,/product/stone-floor-oak-beige/,/products/stone-floor-oak-beige/,301,product,mapped
https://oztimberfloor.com.au/product/stone-floor-storm-grey/,/product/stone-floor-storm-grey/,/products/stone-floor-storm-grey/,301,product,mapped
https://oztimberfloor.com.au/product/stone-floor-natural/,/product/stone-floor-natural/,/products/stone-floor-natural/,301,product,mapped
https://oztimberfloor.com.au/product/stone-floor-jarrah/,/product/stone-floor-jarrah/,/products/stone-floor-jarrah/,301,product,mapped
https://oztimberfloor.com.au/product/stone-floor-blackbutt/,/product/stone-floor-blackbutt/,/products/stone-floor-blackbutt/,301,product,mapped
https://oztimberfloor.com.au/product/stone-floor-spotted-gum/,/product/stone-floor-spotted-gum/,/products/stone-floor-spotted-gum/,301,product,mapped
https://oztimberfloor.com.au/product/stone-floor-stone-oak/,/product/stone-floor-stone-oak/,/products/stone-floor-stone-oak/,301,product,mapped
https://oztimberfloor.com.au/product/stone-floor-antique/,/product/stone-floor-antique/,/products/stone-floor-antique/,301,product,mapped
https://oztimberfloor.com.au/product/stone-floor-mink-grey/,/product/stone-floor-mink-grey/,/products/stone-floor-mink-grey/,301,product,mapped
https://oztimberfloor.com.au/product/infinite-blackbutt-semi-gloss/,/product/infinite-blackbutt-semi-gloss/,/products/infinite-blackbutt-semi-gloss/,301,product,mapped
https://oztimberfloor.com.au/product/infinite-spotted-gum-semi-gloss/,/product/infinite-spotted-gum-semi-gloss/,/products/infinite-spotted-gum-semi-gloss/,301,product,mapped
https://oztimberfloor.com.au/product/infinite-blackbutt-matt/,/product/infinite-blackbutt-matt/,/products/infinite-blackbutt-matt/,301,product,mapped
https://oztimberfloor.com.au/product/infinite-spotted-gum-matt/,/product/infinite-spotted-gum-matt/,/products/infinite-spotted-gum-matt/,301,product,mapped
https://oztimberfloor.com.au/product/infinite-brush-box/,/product/infinite-brush-box/,/products/infinite-brush-box/,301,product,mapped
https://oztimberfloor.com.au/product/infinite-cypress-pine/,/product/infinite-cypress-pine/,/products/infinite-cypress-pine/,301,product,mapped
https://oztimberfloor.com.au/product/infinite-antique-brass/,/product/infinite-antique-brass/,/products/infinite-antique-brass/,301,product,mapped
https://oztimberfloor.com.au/product/infinite-jarrah/,/product/infinite-jarrah/,/products/infinite-jarrah/,301,product,mapped
https://oztimberfloor.com.au/product/infinite-barrnyard-grey/,/product/infinite-barrnyard-grey/,/products/infinite-barrnyard-grey/,301,product,mapped
https://oztimberfloor.com.au/product/infinite-le-sands/,/product/infinite-le-sands/,/products/infinite-le-sands/,301,product,mapped
https://oztimberfloor.com.au/product/infinite-silky-silver/,/product/infinite-silky-silver/,/products/infinite-silky-silver/,301,product,mapped
https://oztimberfloor.com.au/product/infinite-iron-grey/,/product/infinite-iron-grey/,/products/infinite-iron-grey/,301,product,mapped
https://oztimberfloor.com.au/product/infinite-moonlight/,/product/infinite-moonlight/,/products/infinite-moonlight/,301,product,mapped
https://oztimberfloor.com.au/product/infinite-seashell/,/product/infinite-seashell/,/products/infinite-seashell/,301,product,mapped
https://oztimberfloor.com.au/product/infinite-aged-teak/,/product/infinite-aged-teak/,/products/infinite-aged-teak/,301,product,mapped
https://oztimberfloor.com.au/product/infinite-white-oak/,/product/infinite-white-oak/,/products/infinite-white-oak/,301,product,mapped
https://oztimberfloor.com.au/product/prestige-oak-avola-natural/,/product/prestige-oak-avola-natural/,/products/prestige-oak-avola-natural/,301,product,mapped
https://oztimberfloor.com.au/product/prestige-oak-chestnut/,/product/prestige-oak-chestnut/,/products/prestige-oak-chestnut/,301,product,mapped
https://oztimberfloor.com.au/product/prestige-oak-dark-brown/,/product/prestige-oak-dark-brown/,/products/prestige-oak-dark-brown/,301,product,mapped
https://oztimberfloor.com.au/product/prestige-oak-ebony/,/product/prestige-oak-ebony/,/products/prestige-oak-ebony/,301,product,mapped
https://oztimberfloor.com.au/product/prestige-oak-espresso/,/product/prestige-oak-espresso/,/products/prestige-oak-espresso/,301,product,mapped
https://oztimberfloor.com.au/product/prestige-oak-grey-wash/,/product/prestige-oak-grey-wash/,/products/prestige-oak-grey-wash/,301,product,mapped
https://oztimberfloor.com.au/product/prestige-oak-heritage-grey/,/product/prestige-oak-heritage-grey/,/products/prestige-oak-heritage-grey/,301,product,mapped
https://oztimberfloor.com.au/product/prestige-oak-iron-grey/,/product/prestige-oak-iron-grey/,/products/prestige-oak-iron-grey/,301,product,mapped
https://oztimberfloor.com.au/product/prestige-oak-latte/,/product/prestige-oak-latte/,/products/prestige-oak-latte/,301,product,mapped
https://oztimberfloor.com.au/product/prestige-oak-limewash/,/product/prestige-oak-limewash/,/products/prestige-oak-limewash/,301,product,mapped
https://oztimberfloor.com.au/product/prestige-oak-liquorice/,/product/prestige-oak-liquorice/,/products/prestige-oak-liquorice/,301,product,mapped
https://oztimberfloor.com.au/product/prestige-oak-marble/,/product/prestige-oak-marble/,/products/prestige-oak-marble/,301,product,mapped
https://oztimberfloor.com.au/product/prestige-oak-hex-grey/,/product/prestige-oak-hex-grey/,/products/prestige-oak-hex-grey/,301,product,mapped
https://oztimberfloor.com.au/product/prestige-oak-castle-grey/,/product/prestige-oak-castle-grey/,/products/prestige-oak-castle-grey/,301,product,mapped
https://oztimberfloor.com.au/product/prestige-oak-parana/,/product/prestige-oak-parana/,/products/prestige-oak-parana/,301,product,mapped
https://oztimberfloor.com.au/product/prestige-oak-storm/,/product/prestige-oak-storm/,/products/prestige-oak-storm/,301,product,mapped
https://oztimberfloor.com.au/product/prestige-oak-straw/,/product/prestige-oak-straw/,/products/prestige-oak-straw/,301,product,mapped
https://oztimberfloor.com.au/product/prestige-oak-tan/,/product/prestige-oak-tan/,/products/prestige-oak-tan/,301,product,mapped
https://oztimberfloor.com.au/product/prestige-oak-vanilla/,/product/prestige-oak-vanilla/,/products/prestige-oak-vanilla/,301,product,mapped
https://oztimberfloor.com.au/product/prestige-oak-white-sands/,/product/prestige-oak-white-sands/,/products/prestige-oak-white-sands/,301,product,mapped
https://oztimberfloor.com.au/product/prestige-oak-aged-oak/,/product/prestige-oak-aged-oak/,/products/prestige-oak-aged-oak/,301,product,mapped
https://oztimberfloor.com.au/product/prestige-oak-black-fox/,/product/prestige-oak-black-fox/,/products/prestige-oak-black-fox/,301,product,mapped
https://oztimberfloor.com.au/product/prestige-oak-bleached-driftwood/,/product/prestige-oak-bleached-driftwood/,/products/prestige-oak-bleached-driftwood/,301,product,mapped
https://oztimberfloor.com.au/product/prestige-oak-cannes/,/product/prestige-oak-cannes/,/products/prestige-oak-cannes/,301,product,mapped
https://oztimberfloor.com.au/product/prestige-oak-champagne/,/product/prestige-oak-champagne/,/products/prestige-oak-champagne/,301,product,mapped
https://oztimberfloor.com.au/product/prestige-oak-chardonnay/,/product/prestige-oak-chardonnay/,/products/prestige-oak-chardonnay/,301,product,mapped
https://oztimberfloor.com.au/product/prestige-oak-crema/,/product/prestige-oak-crema/,/products/prestige-oak-crema/,301,product,mapped
https://oztimberfloor.com.au/product/prestige-oak-derby-brown/,/product/prestige-oak-derby-brown/,/products/prestige-oak-derby-brown/,301,product,mapped
https://oztimberfloor.com.au/product/prestige-oak-dover-grey/,/product/prestige-oak-dover-grey/,/products/prestige-oak-dover-grey/,301,product,mapped
https://oztimberfloor.com.au/product/prestige-oak-french-brown/,/product/prestige-oak-french-brown/,/products/prestige-oak-french-brown/,301,product,mapped
https://oztimberfloor.com.au/product/prestige-oak-glacier/,/product/prestige-oak-glacier/,/products/prestige-oak-glacier/,301,product,mapped
https://oztimberfloor.com.au/product/prestige-oak-grey-mist/,/product/prestige-oak-grey-mist/,/products/prestige-oak-grey-mist/,301,product,mapped
https://oztimberfloor.com.au/product/prestige-oak-grigio/,/product/prestige-oak-grigio/,/products/prestige-oak-grigio/,301,product,mapped
https://oztimberfloor.com.au/product/prestige-oak-merlot/,/product/prestige-oak-merlot/,/products/prestige-oak-merlot/,301,product,mapped
https://oztimberfloor.com.au/product/prestige-oak-mink-grey/,/product/prestige-oak-mink-grey/,/products/prestige-oak-mink-grey/,301,product,mapped
https://oztimberfloor.com.au/product/prestige-oak-moonlight/,/product/prestige-oak-moonlight/,/products/prestige-oak-moonlight/,301,product,mapped
https://oztimberfloor.com.au/product/prestige-oak-moscato/,/product/prestige-oak-moscato/,/products/prestige-oak-moscato/,301,product,mapped
https://oztimberfloor.com.au/product/prestige-oak-semillon/,/product/prestige-oak-semillon/,/products/prestige-oak-semillon/,301,product,mapped
https://oztimberfloor.com.au/product/prestige-oak-slate/,/product/prestige-oak-slate/,/products/prestige-oak-slate/,301,product,mapped
https://oztimberfloor.com.au/product/prestige-oak-tokay/,/product/prestige-oak-tokay/,/products/prestige-oak-tokay/,301,product,mapped
https://oztimberfloor.com.au/product/prestige-oak-white-wash/,/product/prestige-oak-white-wash/,/products/prestige-oak-white-wash/,301,product,mapped
https://oztimberfloor.com.au/product/swish-blackbutt/,/product/swish-blackbutt/,/products/swish-blackbutt/,301,product,mapped
https://oztimberfloor.com.au/product/swish-spotted-gum/,/product/swish-spotted-gum/,/products/swish-spotted-gum/,301,product,mapped
https://oztimberfloor.com.au/product/swish-oak-falaise/,/product/swish-oak-falaise/,/products/swish-oak-falaise/,301,product,mapped
https://oztimberfloor.com.au/product/swish-oak-koyoto/,/product/swish-oak-koyoto/,/products/swish-oak-koyoto/,301,product,mapped
https://oztimberfloor.com.au/product/swish-oak-lille/,/product/swish-oak-lille/,/products/swish-oak-lille/,301,product,mapped
https://oztimberfloor.com.au/product/swish-oak-messie/,/product/swish-oak-messie/,/products/swish-oak-messie/,301,product,mapped
https://oztimberfloor.com.au/product/swish-oak-satriano/,/product/swish-oak-satriano/,/products/swish-oak-satriano/,301,product,mapped
https://oztimberfloor.com.au/product/swish-oak-texas/,/product/swish-oak-texas/,/products/swish-oak-texas/,301,product,mapped
https://oztimberfloor.com.au/product/swish-oak-verona/,/product/swish-oak-verona/,/products/swish-oak-verona/,301,product,mapped
https://oztimberfloor.com.au/product/storm-new-england-blackbutt/,/product/storm-new-england-blackbutt/,/products/storm-new-england-blackbutt/,301,product,mapped
https://oztimberfloor.com.au/product/storm-nsw-spotted-gum/,/product/storm-nsw-spotted-gum/,/products/storm-nsw-spotted-gum/,301,product,mapped
https://oztimberfloor.com.au/product/storm-vienna-oak/,/product/storm-vienna-oak/,/products/storm-vienna-oak/,301,product,mapped
https://oztimberfloor.com.au/product/storm-oxford-oak/,/product/storm-oxford-oak/,/products/storm-oxford-oak/,301,product,mapped
https://oztimberfloor.com.au/product/storm-spotted-gum/,/product/storm-spotted-gum/,/products/storm-spotted-gum/,301,product,mapped
https://oztimberfloor.com.au/product/storm-vintage-evian-oak/,/product/storm-vintage-evian-oak/,/products/storm-vintage-evian-oak/,301,product,mapped
https://oztimberfloor.com.au/product/storm-vintage-cambridge-oak/,/product/storm-vintage-cambridge-oak/,/products/storm-vintage-cambridge-oak/,301,product,mapped
https://oztimberfloor.com.au/product/storm-loft-oak/,/product/storm-loft-oak/,/products/storm-loft-oak/,301,product,mapped
https://oztimberfloor.com.au/product/storm-askada-grey-wash/,/product/storm-askada-grey-wash/,/products/storm-askada-grey-wash/,301,product,mapped
https://oztimberfloor.com.au/product/storm-modern-ice-grey/,/product/storm-modern-ice-grey/,/products/storm-modern-ice-grey/,301,product,mapped
https://oztimberfloor.com.au/product/storm-royal-white-oak/,/product/storm-royal-white-oak/,/products/storm-royal-white-oak/,301,product,mapped
https://oztimberfloor.com.au/product/storm-coastal-blackbutt/,/product/storm-coastal-blackbutt/,/products/storm-coastal-blackbutt/,301,product,mapped
https://oztimberfloor.com.au/product/kronoswiss-aquastop-rift/,/product/kronoswiss-aquastop-rift/,/products/kronoswiss-aquastop-rift/,301,product,mapped
https://oztimberfloor.com.au/product/kronoswiss-aquastop-helsinki/,/product/kronoswiss-aquastop-helsinki/,/products/kronoswiss-aquastop-helsinki/,301,product,mapped
https://oztimberfloor.com.au/product/kronoswiss-aquastop-zermatt-8mm/,/product/kronoswiss-aquastop-zermatt-8mm/,/products/kronoswiss-aquastop-zermatt-8mm/,301,product,mapped
https://oztimberfloor.com.au/product/kronoswiss-aquastop-natural-oak-brown-8mm/,/product/kronoswiss-aquastop-natural-oak-brown-8mm/,/products/kronoswiss-aquastop-natural-oak-brown-8mm/,301,product,mapped
https://oztimberfloor.com.au/product/kronoswiss-aquastop-spotted-gum-8mm/,/product/kronoswiss-aquastop-spotted-gum-8mm/,/products/kronoswiss-aquastop-spotted-gum-8mm/,301,product,mapped
https://oztimberfloor.com.au/product/kronoswiss-aquastop-blackbutt-8mm/,/product/kronoswiss-aquastop-blackbutt-8mm/,/products/kronoswiss-aquastop-blackbutt-8mm/,301,product,mapped
https://oztimberfloor.com.au/product/kronoswiss-aquastop-leysin/,/product/kronoswiss-aquastop-leysin/,/products/kronoswiss-aquastop-leysin/,301,product,mapped
https://oztimberfloor.com.au/product/kronoswiss-aquastop-queens/,/product/kronoswiss-aquastop-queens/,/products/kronoswiss-aquastop-queens/,301,product,mapped
https://oztimberfloor.com.au/product/kronoswiss-aquastop-natural-oak-brown/,/product/kronoswiss-aquastop-natural-oak-brown/,/products/kronoswiss-aquastop-natural-oak-brown/,301,product,mapped
https://oztimberfloor.com.au/product/kronoswiss-aquastop-arosa/,/product/kronoswiss-aquastop-arosa/,/products/kronoswiss-aquastop-arosa/,301,product,mapped
https://oztimberfloor.com.au/product/kronoswiss-aquastop-interlaken/,/product/kronoswiss-aquastop-interlaken/,/products/kronoswiss-aquastop-interlaken/,301,product,mapped
https://oztimberfloor.com.au/product/kronoswiss-aquastop-sand/,/product/kronoswiss-aquastop-sand/,/products/kronoswiss-aquastop-sand/,301,product,mapped
https://oztimberfloor.com.au/product/kronoswiss-aquastop-tan/,/product/kronoswiss-aquastop-tan/,/products/kronoswiss-aquastop-tan/,301,product,mapped
https://oztimberfloor.com.au/product/kronoswiss-aquastop-verbier/,/product/kronoswiss-aquastop-verbier/,/products/kronoswiss-aquastop-verbier/,301,product,mapped
https://oztimberfloor.com.au/product/kronoswiss-aquastop-zermatt/,/product/kronoswiss-aquastop-zermatt/,/products/kronoswiss-aquastop-zermatt/,301,product,mapped
https://oztimberfloor.com.au/product/kronoswiss-aquastop-spotted-gum/,/product/kronoswiss-aquastop-spotted-gum/,/products/kronoswiss-aquastop-spotted-gum/,301,product,mapped
https://oztimberfloor.com.au/product/kronoswiss-aquastop-blackbutt/,/product/kronoswiss-aquastop-blackbutt/,/products/kronoswiss-aquastop-blackbutt/,301,product,mapped
https://oztimberfloor.com.au/product/kronswiss-aquastop-platinum/,/product/kronswiss-aquastop-platinum/,/products/kronswiss-aquastop-platinum/,301,product,mapped
https://oztimberfloor.com.au/product/kronswiss-aquastop-majestic-walnut/,/product/kronswiss-aquastop-majestic-walnut/,/products/kronswiss-aquastop-majestic-walnut/,301,product,mapped
https://oztimberfloor.com.au/product/kronswiss-aquastop-brooklyn-oak/,/product/kronswiss-aquastop-brooklyn-oak/,/products/kronswiss-aquastop-brooklyn-oak/,301,product,mapped
https://oztimberfloor.com.au/product/kronswiss-aquastop-limed-oak/,/product/kronswiss-aquastop-limed-oak/,/products/kronswiss-aquastop-limed-oak/,301,product,mapped
https://oztimberfloor.com.au/product/kronswiss-aquastop-dublin/,/product/kronswiss-aquastop-dublin/,/products/kronswiss-aquastop-dublin/,301,product,mapped
https://oztimberfloor.com.au/product/kronswiss-aquastop-bourbon-oak/,/product/kronswiss-aquastop-bourbon-oak/,/products/kronswiss-aquastop-bourbon-oak/,301,product,mapped
https://oztimberfloor.com.au/product/kronswiss-aquastop-natural-oak-grey/,/product/kronswiss-aquastop-natural-oak-grey/,/products/kronswiss-aquastop-natural-oak-grey/,301,product,mapped
https://oztimberfloor.com.au/product/kronswiss-aquastop-natural-oak-classic/,/product/kronswiss-aquastop-natural-oak-classic/,/products/kronswiss-aquastop-natural-oak-classic/,301,product,mapped
https://oztimberfloor.com.au/product/kronswiss-aquastop-lugano-oak/,/product/kronswiss-aquastop-lugano-oak/,/products/kronswiss-aquastop-lugano-oak/,301,product,mapped
https://oztimberfloor.com.au/product/kronswiss-aquastop-strassbourg/,/product/kronswiss-aquastop-strassbourg/,/products/kronswiss-aquastop-strassbourg/,301,product,mapped
https://oztimberfloor.com.au/product/kronswiss-aquastop-montreux/,/product/kronswiss-aquastop-montreux/,/products/kronswiss-aquastop-montreux/,301,product,mapped
https://oztimberfloor.com.au/product/kronswiss-aquastop-manhattan-oak/,/product/kronswiss-aquastop-manhattan-oak/,/products/kronswiss-aquastop-manhattan-oak/,301,product,mapped
https://oztimberfloor.com.au/product/kronoswiss-aquastop-rock/,/product/kronoswiss-aquastop-rock/,/products/kronoswiss-aquastop-rock/,301,product,mapped
https://oztimberfloor.com.au/product/kronoswiss-aquastop-snow/,/product/kronoswiss-aquastop-snow/,/products/kronoswiss-aquastop-snow/,301,product,mapped
https://oztimberfloor.com.au/product/kronoswiss-aquastop-beach/,/product/kronoswiss-aquastop-beach/,/products/kronoswiss-aquastop-beach/,301,product,mapped
https://oztimberfloor.com.au/product/kronoswiss-aquastop-sunshine/,/product/kronoswiss-aquastop-sunshine/,/products/kronoswiss-aquastop-sunshine/,301,product,mapped
https://oztimberfloor.com.au/product/kronoswiss-aquastop-sunset/,/product/kronoswiss-aquastop-sunset/,/products/kronoswiss-aquastop-sunset/,301,product,mapped
https://oztimberfloor.com.au/product/kronoswiss-aquastop-moon/,/product/kronoswiss-aquastop-moon/,/products/kronoswiss-aquastop-moon/,301,product,mapped
https://oztimberfloor.com.au/product/kronoswiss-aquastop-volcano/,/product/kronoswiss-aquastop-volcano/,/products/kronoswiss-aquastop-volcano/,301,product,mapped
https://oztimberfloor.com.au/product/kronoswiss-aquastop-terra/,/product/kronoswiss-aquastop-terra/,/products/kronoswiss-aquastop-terra/,301,product,mapped
https://oztimberfloor.com.au/product/swish-oak-vienna/,/product/swish-oak-vienna/,/products/swish-oak-vienna/,301,product,mapped
https://oztimberfloor.com.au/product/artisan-calacatta/,/product/artisan-calacatta/,/products/artisan-calacatta/,301,product,mapped
https://oztimberfloor.com.au/product/artisan-grigio/,/product/artisan-grigio/,/products/artisan-grigio/,301,product,mapped
https://oztimberfloor.com.au/product/artisan-monaco-brown/,/product/artisan-monaco-brown/,/products/artisan-monaco-brown/,301,product,mapped
https://oztimberfloor.com.au/product/artisan-pietra-grey/,/product/artisan-pietra-grey/,/products/artisan-pietra-grey/,301,product,mapped
https://oztimberfloor.com.au/product/artisan-dover-grey/,/product/artisan-dover-grey/,/products/artisan-dover-grey/,301,product,mapped
https://oztimberfloor.com.au/product/artisan-black-maquina/,/product/artisan-black-maquina/,/products/artisan-black-maquina/,301,product,mapped
https://oztimberfloor.com.au/product/artisan-crema-marfil/,/product/artisan-crema-marfil/,/products/artisan-crema-marfil/,301,product,mapped
https://oztimberfloor.com.au/product/artisan-volcano/,/product/artisan-volcano/,/products/artisan-volcano/,301,product,mapped
https://oztimberfloor.com.au/product/swish-oak-nordic-spring/,/product/swish-oak-nordic-spring/,/products/swish-oak-nordic-spring/,301,product,mapped
https://oztimberfloor.com.au/product/swish-oak-nordic-limed/,/product/swish-oak-nordic-limed/,/products/swish-oak-nordic-limed/,301,product,mapped
https://oztimberfloor.com.au/product/swish-oak-odense-grey/,/product/swish-oak-odense-grey/,/products/swish-oak-odense-grey/,301,product,mapped
https://oztimberfloor.com.au/product/swish-oak-oyster-grey/,/product/swish-oak-oyster-grey/,/products/swish-oak-oyster-grey/,301,product,mapped
https://oztimberfloor.com.au/product/swish-oak-raw-caramel/,/product/swish-oak-raw-caramel/,/products/swish-oak-raw-caramel/,301,product,mapped
https://oztimberfloor.com.au/product/swish-oak-raw-leaf/,/product/swish-oak-raw-leaf/,/products/swish-oak-raw-leaf/,301,product,mapped
https://oztimberfloor.com.au/product/swish-oak-ambient-sand/,/product/swish-oak-ambient-sand/,/products/swish-oak-ambient-sand/,301,product,mapped
https://oztimberfloor.com.au/product/swish-oak-fiano-brown/,/product/swish-oak-fiano-brown/,/products/swish-oak-fiano-brown/,301,product,mapped
https://oztimberfloor.com.au/product/swish-oak-oak-grey-harmony/,/product/swish-oak-oak-grey-harmony/,/products/swish-oak-oak-grey-harmony/,301,product,mapped
https://oztimberfloor.com.au/product/swish-oak-oak-dove-grey/,/product/swish-oak-oak-dove-grey/,/products/swish-oak-oak-dove-grey/,301,product,mapped
https://oztimberfloor.com.au/product/swish-oak-french-natural/,/product/swish-oak-french-natural/,/products/swish-oak-french-natural/,301,product,mapped
https://oztimberfloor.com.au/product/swish-oak-french-ghost/,/product/swish-oak-french-ghost/,/products/swish-oak-french-ghost/,301,product,mapped
https://oztimberfloor.com.au/product/swish-oak-french-carbon/,/product/swish-oak-french-carbon/,/products/swish-oak-french-carbon/,301,product,mapped
https://oztimberfloor.com.au/product/swish-oak-canyon-oak/,/product/swish-oak-canyon-oak/,/products/swish-oak-canyon-oak/,301,product,mapped
https://oztimberfloor.com.au/product/swish-oak-danish-white/,/product/swish-oak-danish-white/,/products/swish-oak-danish-white/,301,product,mapped
https://oztimberfloor.com.au/product/swish-oak-belfort-oak/,/product/swish-oak-belfort-oak/,/products/swish-oak-belfort-oak/,301,product,mapped
https://oztimberfloor.com.au/product/artisan-madison/,/product/artisan-madison/,/products/artisan-madison/,301,product,mapped
https://oztimberfloor.com.au/product/artisan-casper-white/,/product/artisan-casper-white/,/products/artisan-casper-white/,301,product,mapped
https://oztimberfloor.com.au/product/artisan-jasper-grey/,/product/artisan-jasper-grey/,/products/artisan-jasper-grey/,301,product,mapped
https://oztimberfloor.com.au/product/artisan-valley-beige/,/product/artisan-valley-beige/,/products/artisan-valley-beige/,301,product,mapped
https://oztimberfloor.com.au/product/pronto-portofino/,/product/pronto-portofino/,/products/pronto-portofino/,301,product,mapped
https://oztimberfloor.com.au/product/pronto-chesterfield/,/product/pronto-chesterfield/,/products/pronto-chesterfield/,301,product,mapped
https://oztimberfloor.com.au/product/pronto-washed-pebble/,/product/pronto-washed-pebble/,/products/pronto-washed-pebble/,301,product,mapped
https://oztimberfloor.com.au/product/pronto-parchment/,/product/pronto-parchment/,/products/pronto-parchment/,301,product,mapped
https://oztimberfloor.com.au/product/pronto-dockside/,/product/pronto-dockside/,/products/pronto-dockside/,301,product,mapped
https://oztimberfloor.com.au/product/pronto-river-sand/,/product/pronto-river-sand/,/products/pronto-river-sand/,301,product,mapped
https://oztimberfloor.com.au/product/pronto-welsh-slate/,/product/pronto-welsh-slate/,/products/pronto-welsh-slate/,301,product,mapped
https://oztimberfloor.com.au/product/pronto-seafoam/,/product/pronto-seafoam/,/products/pronto-seafoam/,301,product,mapped
https://oztimberfloor.com.au/product/pronto-herringbone-misty-cove/,/product/pronto-herringbone-misty-cove/,/products/pronto-herringbone-misty-cove/,301,product,mapped
https://oztimberfloor.com.au/product/pronto-herringbone-parchment/,/product/pronto-herringbone-parchment/,/products/pronto-herringbone-parchment/,301,product,mapped
https://oztimberfloor.com.au/product/pronto-herringbone-chesterfield/,/product/pronto-herringbone-chesterfield/,/products/pronto-herringbone-chesterfield/,301,product,mapped
https://oztimberfloor.com.au/product/pronto-herringbone-seafoam/,/product/pronto-herringbone-seafoam/,/products/pronto-herringbone-seafoam/,301,product,mapped
https://oztimberfloor.com.au/product/pronto-herringbone-washed-pebble/,/product/pronto-herringbone-washed-pebble/,/products/pronto-herringbone-washed-pebble/,301,product,mapped
https://oztimberfloor.com.au/product/etf-hybrid-spc-9mm-spotted-gum/,/product/etf-hybrid-spc-9mm-spotted-gum/,/products/etf-hybrid-spc-9mm-spotted-gum/,301,product,mapped
https://oztimberfloor.com.au/product/etf-hybrid-spc-9mm-dexter-oak/,/product/etf-hybrid-spc-9mm-dexter-oak/,/products/etf-hybrid-spc-9mm-dexter-oak/,301,product,mapped
https://oztimberfloor.com.au/product/etf-hybrid-spc-9mm-driftwood/,/product/etf-hybrid-spc-9mm-driftwood/,/products/etf-hybrid-spc-9mm-driftwood/,301,product,mapped
https://oztimberfloor.com.au/product/etf-hybrid-spc-9mm-grey-oak/,/product/etf-hybrid-spc-9mm-grey-oak/,/products/etf-hybrid-spc-9mm-grey-oak/,301,product,mapped
https://oztimberfloor.com.au/product/etf-hybrid-spc-9mm-oslo-oak-grey/,/product/etf-hybrid-spc-9mm-oslo-oak-grey/,/products/etf-hybrid-spc-9mm-oslo-oak-grey/,301,product,mapped
https://oztimberfloor.com.au/product/etf-hybrid-spc-9mm-new-zealand-blackbutt/,/product/etf-hybrid-spc-9mm-new-zealand-blackbutt/,/products/etf-hybrid-spc-9mm-new-zealand-blackbutt/,301,product,mapped
https://oztimberfloor.com.au/product/etf-hybrid-spc-9mm-helena-oak/,/product/etf-hybrid-spc-9mm-helena-oak/,/products/etf-hybrid-spc-9mm-helena-oak/,301,product,mapped
https://oztimberfloor.com.au/product/stone-floor-charcoal-2/,/product/stone-floor-charcoal-2/,/products/stone-floor-charcoal-2/,301,product,mapped
https://oztimberfloor.com.au/*,/*,/404.html,404,other,mapped
https://oztimberfloor.com.au/privacy.html,/privacy.html,/privacy/,301,other,mapped
https://oztimberfloor.com.au/thank-you.html,/thank-you.html,/thank-you/,301,other,mapped
https://oztimberfloor.com.au/artisan-oak/,/artisan-oak/,/ranges/artisan-oak/,301,other,mapped
https://oztimberfloor.com.au/easiplank/,/easiplank/,/ranges/easi-plank/,301,other,mapped
https://oztimberfloor.com.au/elk-falls/,/elk-falls/,/ranges/elk-falls/,301,other,mapped
https://oztimberfloor.com.au/fiddleback/,/fiddleback/,/ranges/fiddleback/,301,other,mapped
https://oztimberfloor.com.au/hydroplank-wpc/,/hydroplank-wpc/,/ranges/hydroplank-wpc/,301,other,mapped
https://oztimberfloor.com.au/infinite-laminate-2/,/infinite-laminate-2/,/ranges/infinite-laminate/,301,other,mapped
https://oztimberfloor.com.au/oakstep-laminate/,/oakstep-laminate/,/ranges/oakstep-laminate/,301,other,mapped
https://oztimberfloor.com.au/ornato-vinyl/,/ornato-vinyl/,/ranges/ornato-vinyl/,301,other,mapped
https://oztimberfloor.com.au/prefinished-solid-timber/,/prefinished-solid-timber/,/ranges/pre-finished-solid-timber/,301,other,mapped
